# layout	variant	name — generated by `cargo xtask installer-data` from kbd-bkeymaps
af	af	Afghanistan
af	af-fa-olpc	Afghanistan
af	af-ps	Afghanistan
af	af-ps-olpc	Afghanistan
af	af-uz	Afghanistan
af	af-uz-olpc	Afghanistan
al	al	Albania
al	al-plisi	Albania
al	al-veqilharxhi	Albania
am	am	Armenia
am	am-eastern	Armenia
am	am-eastern-alt	Armenia
am	am-phonetic	Armenia
am	am-phonetic-alt	Armenia
am	am-western	Armenia
ara	ara	Arabic
ara	ara-azerty	Arabic
ara	ara-azerty_digits	Arabic
ara	ara-buckwalter	Arabic
ara	ara-digits	Arabic
ara	ara-mac	Arabic
ara	ara-mac-phonetic	Arabic
ara	ara-olpc	Arabic
at	at	Austria
at	at-mac	Austria
at	at-nodeadkeys	Austria
az	az	Azerbaijan
az	az-cyrillic	Azerbaijan
ba	ba	Bosnia & Herzegovina
ba	ba-alternatequotes	Bosnia & Herzegovina
ba	ba-unicode	Bosnia & Herzegovina
ba	ba-unicodeus	Bosnia & Herzegovina
ba	ba-us	Bosnia & Herzegovina
bd	bd	Bangladesh
bd	bd-probhat	Bangladesh
be	be	Belgium
be	be-iso-alternate	Belgium
be	be-nodeadkeys	Belgium
be	be-oss	Belgium
be	be-oss_latin9	Belgium
be	be-wang	Belgium
bg	bg	Bulgaria
bg	bg-bas_phonetic	Bulgaria
bg	bg-bekl	Bulgaria
bg	bg-phonetic	Bulgaria
br	br	Brazil
br	br-dvorak	Brazil
br	br-nativo	Brazil
br	br-nativo-epo	Brazil
br	br-nativo-us	Brazil
br	br-nodeadkeys	Brazil
br	br-rus	Brazil
br	br-thinkpad	Brazil
brai	brai	Braille
brai	brai-left_hand	Braille
brai	brai-left_hand_invert	Braille
brai	brai-right_hand	Braille
brai	brai-right_hand_invert	Braille
by	by	Belarus
by	by-intl	Belarus
by	by-latin	Belarus
by	by-legacy	Belarus
by	by-phonetic	Belarus
by	by-ru	Belarus
ca	ca	Canada
ca	ca-eng	Canada
ca	ca-fr-dvorak	Canada
ca	ca-fr-legacy	Canada
ca	ca-ike	Canada
ca	ca-multix	Canada
ch	ch	Switzerland
ch	ch-de_mac	Switzerland
ch	ch-de_nodeadkeys	Switzerland
ch	ch-fr	Switzerland
ch	ch-fr_mac	Switzerland
ch	ch-fr_nodeadkeys	Switzerland
ch	ch-legacy	Switzerland
cm	cm	Cameroon
cm	cm-azerty	Cameroon
cm	cm-dvorak	Cameroon
cm	cm-french	Cameroon
cm	cm-mmuock	Cameroon
cm	cm-qwerty	Cameroon
cn	cn	China
cn	cn-altgr-pinyin	China
cn	cn-mon_manchu_galik	China
cn	cn-mon_todo_galik	China
cn	cn-mon_trad	China
cn	cn-mon_trad_galik	China
cn	cn-mon_trad_manchu	China
cn	cn-mon_trad_todo	China
cn	cn-mon_trad_xibe	China
cn	cn-tib	China
cn	cn-tib_asciinum	China
cn	cn-ug	China
cz	cz	Czech Republic
cz	cz-bksl	Czech Republic
cz	cz-dvorak-ucw	Czech Republic
cz	cz-qwerty	Czech Republic
cz	cz-qwerty-mac	Czech Republic
cz	cz-qwerty_bksl	Czech Republic
cz	cz-rus	Czech Republic
cz	cz-ucw	Czech Republic
cz	cz-winkeys	Czech Republic
cz	cz-winkeys-qwerty	Czech Republic
de	de	Germany
de	de-T3	Germany
de	de-deadacute	Germany
de	de-deadgraveacute	Germany
de	de-deadtilde	Germany
de	de-dsb	Germany
de	de-dsb_qwertz	Germany
de	de-dvorak	Germany
de	de-e1	Germany
de	de-e2	Germany
de	de-mac	Germany
de	de-mac_nodeadkeys	Germany
de	de-neo	Germany
de	de-nodeadkeys	Germany
de	de-qwerty	Germany
de	de-ro	Germany
de	de-ro_nodeadkeys	Germany
de	de-ru	Germany
de	de-tr	Germany
de	de-us	Germany
dk	dk	Denmark
dk	dk-dvorak	Denmark
dk	dk-mac	Denmark
dk	dk-mac_nodeadkeys	Denmark
dk	dk-nodeadkeys	Denmark
dk	dk-winkeys	Denmark
dz	dz	Algeria
dz	dz-ar	Algeria
dz	dz-azerty-deadkeys	Algeria
dz	dz-ber	Algeria
dz	dz-qwerty-gb-deadkeys	Algeria
dz	dz-qwerty-us-deadkeys	Algeria
ee	ee	Estonia
ee	ee-dvorak	Estonia
ee	ee-nodeadkeys	Estonia
ee	ee-us	Estonia
epo	epo	Esperanto
epo	epo-legacy	Esperanto
es	es	Spain
es	es-ast	Spain
es	es-cat	Spain
es	es-deadtilde	Spain
es	es-dvorak	Spain
es	es-nodeadkeys	Spain
es	es-winkeys	Spain
fi	fi-classic	Finland
fi	fi-kotoistus	Finland
fi	fi-mac	Finland
fi	fi-nodeadkeys	Finland
fi	fi-smi	Finland
fi	fi-winkeys	Finland
fo	fo	Faroe Islands
fo	fo-nodeadkeys	Faroe Islands
fr	fr	France
fr	fr-afnor	France
fr	fr-azerty	France
fr	fr-bepo	France
fr	fr-bepo_afnor	France
fr	fr-bepo_latin9	France
fr	fr-bre	France
fr	fr-dvorak	France
fr	fr-ergol	France
fr	fr-ergol_iso	France
fr	fr-geo	France
fr	fr-latin9	France
fr	fr-latin9_nodeadkeys	France
fr	fr-mac	France
fr	fr-nodeadkeys	France
fr	fr-oci	France
fr	fr-oss	France
fr	fr-oss_latin9	France
fr	fr-oss_nodeadkeys	France
fr	fr-us	France
gb	gb	United Kingdom
gb	gb-colemak	United Kingdom
gb	gb-colemak_dh	United Kingdom
gb	gb-dvorak	United Kingdom
gb	gb-dvorakukp	United Kingdom
gb	gb-extd	United Kingdom
gb	gb-gla	United Kingdom
gb	gb-intl	United Kingdom
gb	gb-mac	United Kingdom
gb	gb-mac_intl	United Kingdom
gb	gb-pl	United Kingdom
ge	ge	Georgia
ge	ge-ergonomic	Georgia
ge	ge-mess	Georgia
ge	ge-os	Georgia
ge	ge-ru	Georgia
gh	gh	Ghana
gh	gh-akan	Ghana
gh	gh-avn	Ghana
gh	gh-ewe	Ghana
gh	gh-fula	Ghana
gh	gh-ga	Ghana
gh	gh-generic	Ghana
gh	gh-gillbt	Ghana
gh	gh-hausa	Ghana
gr	gr	Greece
gr	gr-nodeadkeys	Greece
gr	gr-polytonic	Greece
gr	gr-simple	Greece
hr	hr	Croatia
hr	hr-alternatequotes	Croatia
hr	hr-unicode	Croatia
hr	hr-unicodeus	Croatia
hr	hr-us	Croatia
hu	hu	Hungary
hu	hu-101_qwerty_comma_dead	Hungary
hu	hu-101_qwerty_comma_nodead	Hungary
hu	hu-101_qwerty_dot_dead	Hungary
hu	hu-101_qwerty_dot_nodead	Hungary
hu	hu-101_qwertz_comma_dead	Hungary
hu	hu-101_qwertz_comma_nodead	Hungary
hu	hu-101_qwertz_dot_dead	Hungary
hu	hu-101_qwertz_dot_nodead	Hungary
hu	hu-102_qwerty_comma_dead	Hungary
hu	hu-102_qwerty_comma_nodead	Hungary
hu	hu-102_qwerty_dot_dead	Hungary
hu	hu-102_qwerty_dot_nodead	Hungary
hu	hu-102_qwertz_comma_dead	Hungary
hu	hu-102_qwertz_comma_nodead	Hungary
hu	hu-102_qwertz_dot_dead	Hungary
hu	hu-102_qwertz_dot_nodead	Hungary
hu	hu-nodeadkeys	Hungary
hu	hu-qwerty	Hungary
hu	hu-standard	Hungary
id	id	Indonesia
id	id-javanese	Indonesia
id	id-melayu-phonetic	Indonesia
id	id-melayu-phoneticx	Indonesia
id	id-pegon-phonetic	Indonesia
ie	ie	Ireland
ie	ie-CloGaelach	Ireland
ie	ie-UnicodeExpert	Ireland
ie	ie-ogam	Ireland
ie	ie-ogam_is434	Ireland
il	il	Israel
il	il-biblical	Israel
il	il-lyx	Israel
il	il-phonetic	Israel
il	il-si2	Israel
in	in	India
in	in-asm-kagapa	India
in	in-ben	India
in	in-ben-kagapa	India
in	in-ben_baishakhi	India
in	in-ben_bornona	India
in	in-ben_gitanjali	India
in	in-ben_inscript	India
in	in-ben_probhat	India
in	in-bolnagri	India
in	in-eng	India
in	in-guj	India
in	in-guj-kagapa	India
in	in-guru	India
in	in-hin-kagapa	India
in	in-hin-wx	India
in	in-iipa	India
in	in-jhelum	India
in	in-kan	India
in	in-kan-kagapa	India
in	in-mal	India
in	in-mal_enhanced	India
in	in-mal_lalitha	India
in	in-mal_poorna	India
in	in-mar-kagapa	India
in	in-marathi	India
in	in-mni	India
in	in-ori	India
in	in-ori-bolnagri	India
in	in-ori-wx	India
in	in-san-kagapa	India
in	in-sat	India
in	in-tam	India
in	in-tam_tamilnumbers	India
in	in-tamilnet	India
in	in-tamilnet_TAB	India
in	in-tamilnet_TSCII	India
in	in-tamilnet_tamilnumbers	India
in	in-tel	India
in	in-tel-kagapa	India
in	in-tel-sarala	India
in	in-urd-phonetic	India
in	in-urd-phonetic3	India
in	in-urd-winkeys	India
iq	iq	Iraq
iq	iq-ku	Iraq
iq	iq-ku_alt	Iraq
iq	iq-ku_ara	Iraq
iq	iq-ku_f	Iraq
ir	ir	Iran
ir	ir-azb	Iran
ir	ir-ku	Iran
ir	ir-ku_alt	Iran
ir	ir-ku_ara	Iran
ir	ir-ku_f	Iran
ir	ir-pes_keypad	Iran
ir	ir-winkeys	Iran
is	is	Iceland
is	is-dvorak	Iceland
is	is-mac	Iceland
is	is-mac_legacy	Iceland
it	it	Italy
it	it-fur	Italy
it	it-geo	Italy
it	it-ibm	Italy
it	it-mac	Italy
it	it-nodeadkeys	Italy
it	it-scn	Italy
it	it-us	Italy
it	it-winkeys	Italy
jp	jp	Japan
jp	jp-OADG109A	Japan
jp	jp-dvorak	Japan
jp	jp-kana	Japan
jp	jp-mac	Japan
ke	ke	Kenya
ke	ke-kik	Kenya
kg	kg	Kyrgyzstan
kg	kg-phonetic	Kyrgyzstan
kr	kr	Korea (South)
kr	kr-kr104	Korea (South)
kz	kz	Kazakhstan
kz	kz-ext	Kazakhstan
kz	kz-kazrus	Kazakhstan
kz	kz-latin	Kazakhstan
kz	kz-ruskaz	Kazakhstan
la	la	Laos
la	la-stea	Laos
latam	latam	Latin America
latam	latam-colemak	Latin America
latam	latam-deadtilde	Latin America
latam	latam-dvorak	Latin America
latam	latam-nodeadkeys	Latin America
lk	lk	Sri Lanka
lk	lk-tam_TAB	Sri Lanka
lk	lk-tam_unicode	Sri Lanka
lk	lk-us	Sri Lanka
lt	lt	Lithuania
lt	lt-ibm	Lithuania
lt	lt-lekp	Lithuania
lt	lt-lekpa	Lithuania
lt	lt-ratise	Lithuania
lt	lt-sgs	Lithuania
lt	lt-std	Lithuania
lt	lt-us	Lithuania
lv	lv	Latvia
lv	lv-adapted	Latvia
lv	lv-apostrophe	Latvia
lv	lv-ergonomic	Latvia
lv	lv-fkey	Latvia
lv	lv-modern	Latvia
lv	lv-modern-cyr	Latvia
lv	lv-tilde	Latvia
ma	ma	Morocco
ma	ma-french	Morocco
ma	ma-rif	Morocco
ma	ma-tifinagh	Morocco
ma	ma-tifinagh-alt	Morocco
ma	ma-tifinagh-alt-phonetic	Morocco
ma	ma-tifinagh-extended	Morocco
ma	ma-tifinagh-extended-phonetic	Morocco
ma	ma-tifinagh-phonetic	Morocco
md	md	Moldova
md	md-gag	Moldova
me	me	Montenegro
me	me-cyrillic	Montenegro
me	me-cyrillicalternatequotes	Montenegro
me	me-cyrillicyz	Montenegro
me	me-latinalternatequotes	Montenegro
me	me-latinunicode	Montenegro
me	me-latinunicodeyz	Montenegro
me	me-latinyz	Montenegro
mk	mk	North Macedonia
mk	mk-nodeadkeys	North Macedonia
ml	ml	Mali
ml	ml-fr-oss	Mali
ml	ml-us-intl	Mali
ml	ml-us-mac	Mali
mm	mm	Myanmar (Burma)
mm	mm-mnw	Myanmar (Burma)
mm	mm-mnw-a1	Myanmar (Burma)
mm	mm-shn	Myanmar (Burma)
mm	mm-zawgyi	Myanmar (Burma)
mm	mm-zgt	Myanmar (Burma)
mt	mt	Malta
mt	mt-alt-gb	Malta
mt	mt-alt-us	Malta
mt	mt-us	Malta
my	my	Malaysia
my	my-phonetic	Malaysia
ng	ng	Nigeria
ng	ng-hausa	Nigeria
ng	ng-igbo	Nigeria
ng	ng-yoruba	Nigeria
nl	nl	Netherlands
nl	nl-mac	Netherlands
nl	nl-std	Netherlands
nl	nl-us	Netherlands
no	no	Norway
no	no-colemak	Norway
no	no-colemak_dh	Norway
no	no-colemak_dh_wide	Norway
no	no-dvorak	Norway
no	no-mac	Norway
no	no-mac_nodeadkeys	Norway
no	no-nodeadkeys	Norway
no	no-smi	Norway
no	no-smi_nodeadkeys	Norway
no	no-winkeys	Norway
nz	nz	New Zealand
nz	nz-mao	New Zealand
ph	ph	Philippines
ph	ph-capewell-dvorak	Philippines
ph	ph-capewell-dvorak-bay	Philippines
ph	ph-capewell-qwerf2k6	Philippines
ph	ph-capewell-qwerf2k6-bay	Philippines
ph	ph-colemak	Philippines
ph	ph-colemak-bay	Philippines
ph	ph-dvorak	Philippines
ph	ph-dvorak-bay	Philippines
ph	ph-qwerty-bay	Philippines
pk	pk	Pakistan
pk	pk-pak_urdu_phonetic	Pakistan
pk	pk-snd	Pakistan
pk	pk-urd-crulp	Pakistan
pk	pk-urd-nla	Pakistan
pl	pl	Poland
pl	pl-csb	Poland
pl	pl-dvorak	Poland
pl	pl-dvorak_altquotes	Poland
pl	pl-dvorak_quotes	Poland
pl	pl-dvp	Poland
pl	pl-legacy	Poland
pl	pl-qwertz	Poland
pl	pl-ru_phonetic_dvorak	Poland
pl	pl-szl	Poland
pt	pt	Portugal
pt	pt-mac	Portugal
pt	pt-mac_nodeadkeys	Portugal
pt	pt-nativo	Portugal
pt	pt-nativo-epo	Portugal
pt	pt-nativo-us	Portugal
pt	pt-nodeadkeys	Portugal
ro	ro	Romania
ro	ro-std	Romania
ro	ro-winkeys	Romania
rs	rs	Serbia
rs	rs-alternatequotes	Serbia
rs	rs-latin	Serbia
rs	rs-latinalternatequotes	Serbia
rs	rs-latinunicode	Serbia
rs	rs-latinunicodeyz	Serbia
rs	rs-latinyz	Serbia
rs	rs-rue	Serbia
rs	rs-yz	Serbia
ru	ru	Russia
ru	ru-ab	Russia
ru	ru-bak	Russia
ru	ru-chm	Russia
ru	ru-cv	Russia
ru	ru-cv_latin	Russia
ru	ru-dos	Russia
ru	ru-kom	Russia
ru	ru-legacy	Russia
ru	ru-mac	Russia
ru	ru-os_legacy	Russia
ru	ru-os_winkeys	Russia
ru	ru-phonetic	Russia
ru	ru-phonetic_YAZHERTY	Russia
ru	ru-phonetic_azerty	Russia
ru	ru-phonetic_dvorak	Russia
ru	ru-phonetic_winkeys	Russia
ru	ru-ruchey_en	Russia
ru	ru-ruchey_ru	Russia
ru	ru-sah	Russia
ru	ru-srp	Russia
ru	ru-tt	Russia
ru	ru-typewriter	Russia
ru	ru-typewriter-legacy	Russia
ru	ru-udm	Russia
ru	ru-xal	Russia
se	se	Sweden
se	se-colemak	Sweden
se	se-dvorak	Sweden
se	se-mac	Sweden
se	se-nodeadkeys	Sweden
se	se-rus	Sweden
se	se-smi	Sweden
se	se-svdvorak	Sweden
se	se-swl	Sweden
se	se-us	Sweden
se	se-us_dvorak	Sweden
si	si	Slovenia
si	si-alternatequotes	Slovenia
si	si-us	Slovenia
sk	sk	Slovakia
sk	sk-bksl	Slovakia
sk	sk-qwerty	Slovakia
sk	sk-qwerty_bksl	Slovakia
sy	sy	Syria
sy	sy-ku	Syria
sy	sy-ku_alt	Syria
sy	sy-ku_f	Syria
sy	sy-syc	Syria
sy	sy-syc_phonetic	Syria
th	th	Thailand
th	th-mnc	Thailand
th	th-pat	Thailand
th	th-tis	Thailand
tj	tj	Tajikistan
tj	tj-legacy	Tajikistan
tm	tm	Turkmenistan
tm	tm-alt	Turkmenistan
tr	tr	Turkey
tr	tr-alt	Turkey
tr	tr-e	Turkey
tr	tr-f	Turkey
tr	tr-intl	Turkey
tr	tr-ku	Turkey
tr	tr-ku_alt	Turkey
tr	tr-ku_f	Turkey
tw	tw	Taiwan
tw	tw-indigenous	Taiwan
tw	tw-saisiyat	Taiwan
ua	ua	Ukraine
ua	ua-crh	Ukraine
ua	ua-crh_alt	Ukraine
ua	ua-crh_f	Ukraine
ua	ua-homophonic	Ukraine
ua	ua-legacy	Ukraine
ua	ua-macOS	Ukraine
ua	ua-phonetic	Ukraine
ua	ua-typewriter	Ukraine
ua	ua-winkeys	Ukraine
ua	ua-winkeysenhanced	Ukraine
us	us	United States
us	us-alt-intl	United States
us	us-altgr-intl	United States
us	us-chr	United States
us	us-colemak	United States
us	us-colemak_dh	United States
us	us-colemak_dh_iso	United States
us	us-colemak_dh_ortho	United States
us	us-colemak_dh_wide	United States
us	us-colemak_dh_wide_iso	United States
us	us-dvorak	United States
us	us-dvorak-alt-intl	United States
us	us-dvorak-classic	United States
us	us-dvorak-intl	United States
us	us-dvorak-l	United States
us	us-dvorak-mac	United States
us	us-dvorak-mac-iso	United States
us	us-dvorak-r	United States
us	us-dvp	United States
us	us-euro	United States
us	us-haw	United States
us	us-hbs	United States
us	us-intl	United States
us	us-mac	United States
us	us-mac-iso	United States
us	us-norman	United States
us	us-olpc2	United States
us	us-rus	United States
us	us-symbolic	United States
us	us-workman	United States
us	us-workman-intl	United States
uz	uz	Uzbekistan
uz	uz-latin	Uzbekistan
vn	vn	Vietnam
vn	vn-fr	Vietnam
vn	vn-us	Vietnam
